Duration;CreditHistory;Employment;GenderInfo;Guarantors;Age;NumberOfCreditsInBank;JobInfo;NumberOfPeopleBeingLiable;Class;Val;Telephone;Foreign
0.333333333333333;-2;4;A93;0;67;2;2;1;0;-0.933434027573306;1;1
2.66666666666667;1;2;A92;0;22;1;2;1;1;1.16246424445996;0;1
0.666666666666667;-2;3;A93;0;49;1;1;2;0;-0.181468185516846;0;1
2.33333333333333;1;3;A93;2;45;1;2;2;0;1.52438553305445;0;1
1.33333333333333;-1;2;A93;0;53;2;2;2;1;0.904290276410718;0;1
2;1;2;A93;0;35;1;1;2;0;1.70305918897642;1;1
1.33333333333333;1;4;A93;0;53;1;2;1;0;0.20748387205018;0;1
2;1;2;A93;0;35;1;3;1;0;1.36194885033491;1;1
0.666666666666667;1;3;A91;0;61;1;1;1;0;0.305421640426096;0;1
1.66666666666667;-2;0;A94;0;28;2;3;1;1;0.997122592553199;0;1
0.666666666666667;1;1;A92;0;25;1;2;1;1;-0.801604799639582;0;1
2.66666666666667;1;1;A92;0;24;1;2;1;1;0.746371019445801;0;1
0.666666666666667;1;2;A92;0;22;1;2;1;0;-0.556068946679209;1;1
1.33333333333333;-2;4;A93;0;60;2;1;1;1;-0.900800376372681;0;1
0.833333333333333;1;2;A92;0;28;1;2;1;0;-0.698443487536003;0;1
1.33333333333333;1;2;A92;0;32;1;1;1;1;-0.814598580007478;0;1
1.33333333333333;-2;4;A93;0;53;2;2;1;0;0.00577348886438714;0;1
1.66666666666667;0;1;A93;0;25;3;2;1;0;1.55506216904119;0;1
1.33333333333333;1;4;A92;0;44;1;3;1;1;2.12639822958457;1;1
1.33333333333333;1;4;A93;0;31;1;2;2;0;0.452847315600201;1;1
0.5;-2;2;A93;0;48;3;2;1;0;-0.158328473584503;1;1
0.333333333333333;1;2;A93;0;44;1;2;2;0;0.119116438382567;0;1
0.555555555555556;-2;1;A93;0;48;2;1;2;0;-0.0953205197235133;0;0
0.666666666666667;-2;1;A93;0;44;1;2;1;0;-0.374680481125953;0;1
0.555555555555556;-2;2;A94;0;26;2;2;1;0;-0.19816593244187;0;0
0.333333333333333;1;2;A93;0;36;1;1;1;0;-0.7253427786035;1;1
0.333333333333333;0;4;A94;0;39;1;1;1;0;-2.233494947703;0;1
0.666666666666667;2;2;A92;0;42;2;2;1;0;-2.28594243206686;0;1
0.388888888888889;1;2;A93;2;34;1;2;1;0;0.000982882914684515;0;1
3.33333333333333;-1;4;A93;0;63;2;2;1;1;1.34101951222471;1;1
1;1;1;A94;0;36;1;2;1;0;-0.299125782193892;1;1
1.33333333333333;1;2;A93;0;27;1;2;1;0;0.657260674401936;0;1
1;1;2;A93;0;30;2;2;1;0;1.14393650871674;1;1
0.666666666666667;-2;4;A93;0;57;1;1;1;0;-0.832809179440445;0;1
0.666666666666667;1;1;A92;0;33;1;3;1;0;-0.634865084547188;1;1
2.5;-2;1;A93;0;25;2;1;1;1;0.871073731598213;0;1
2.66666666666667;-2;2;A93;0;31;1;2;1;0;1.19642224700122;1;1
1;1;2;A93;1;37;1;2;1;1;-0.179012754840584;0;1
0.555555555555556;1;2;A93;0;37;1;2;1;0;-0.873171687816016;1;1
0.5;1;2;A93;0;24;1;2;1;0;-2.14021468194319;0;1
1.66666666666667;1;4;A93;0;30;1;3;1;0;-0.0435057831629908;0;1
0.666666666666667;1;2;A91;0;26;1;2;1;0;-0.9456099649121;1;1
1;-1;2;A93;0;44;1;1;2;0;1.21608481830866;1;1
1.66666666666667;-2;3;A94;0;24;2;2;1;0;1.21255098542489;0;1
2.66666666666667;-2;4;A92;0;58;2;1;1;1;1.20335931140391;0;1
0.611111111111111;-2;1;A92;0;35;2;3;1;0;-0.707655777833368;0;1
2;1;4;A93;0;39;1;2;1;0;-0.0624127220184861;0;1
0.333333333333333;1;0;A92;0;23;1;0;1;0;-0.746130609757491;1;1
0.611111111111111;-2;2;A93;0;39;2;1;1;0;1.41283082917199;0;1
0.666666666666667;1;2;A92;1;28;1;2;1;0;-0.195678489869325;0;1
1.33333333333333;-1;1;A93;0;29;1;1;1;0;-0.0435057831629908;0;1
1.5;-1;4;A93;0;30;2;3;1;0;1.16549046732971;1;1
0.666666666666667;1;2;A93;0;25;1;2;1;0;-0.834848566396677;0;1
1;1;2;A93;0;31;1;2;1;0;0.433173193800859;1;1
2;-1;4;A93;0;57;2;2;1;1;-0.104548489606265;1;1
0.333333333333333;2;2;A93;2;26;1;1;2;0;-1.44957622230454;0;1
0.666666666666667;1;0;A93;0;52;1;3;1;1;1.26975397593067;1;1
2;-2;2;A92;0;31;2;2;1;0;1.77376093645485;0;1
1;1;4;A92;0;23;1;3;1;0;-0.267209899264447;0;1
2;-2;1;A92;1;23;2;1;1;1;1.22126407971777;1;1
0.5;1;2;A94;0;27;1;2;1;0;-0.709506169945135;1;1
0.833333333333333;-2;4;A93;2;50;2;2;1;0;-0.580964169998971;1;1
2;0;4;A93;0;61;1;3;1;1;-0.272474589090939;1;1
2.66666666666667;0;2;A93;0;25;1;2;1;1;2.30239480122513;1;1
1.33333333333333;1;1;A92;0;26;1;2;1;0;0.355787202917097;1;1
1.5;1;4;A93;0;48;4;2;2;0;0.986250227882103;1;1
0.666666666666667;1;1;A92;0;29;1;2;1;0;-0.136190273856457;0;1
0.666666666666667;1;2;A94;0;22;1;2;1;0;-1.12554990942336;0;1
2;1;2;A93;0;37;1;2;1;1;-0.364016278024652;1;1
2;1;2;A92;0;25;1;2;1;0;-0.0102649883873579;0;1
2;1;2;A92;0;30;1;2;1;0;1.56475802239338;0;1
0.388888888888889;-2;4;A93;0;46;2;1;1;0;-1.53984079714683;1;1
0.444444444444444;-2;4;A93;0;51;2;3;2;0;-0.938954278242768;1;1
2.33333333333333;-2;3;A92;0;41;2;1;1;0;1.16311331968432;0;1
2;1;4;A93;0;40;1;3;1;1;-0.256744647493498;1;1
0.666666666666667;-2;4;A93;0;66;2;3;1;0;-0.590214357005578;0;1
2.33333333333333;1;1;A93;0;34;1;2;1;1;0.639518870716364;0;1
0.611111111111111;-1;3;A93;0;51;1;2;1;0;0.877839920024807;0;1
3;0;2;A93;0;39;1;1;2;0;1.75613898463304;0;1
1.66666666666667;1;1;A94;0;22;1;2;1;0;0.595577928640455;0;1
1.33333333333333;1;1;A92;0;44;2;2;1;1;1.16073177620223;1;1
0.833333333333333;1;4;A93;0;47;1;2;1;0;-0.885849780915839;1;1
1;1;2;A92;0;24;1;1;1;0;-0.555247337214773;0;1
1.33333333333333;1;4;A92;2;58;1;1;1;0;-0.410145364178242;1;1
0.555555555555556;1;4;A93;0;52;1;1;1;0;-0.0534807534536456;0;1
0.666666666666667;-2;2;A92;2;29;2;3;1;0;-0.690208394264783;1;1
1;-2;1;A92;0;27;2;2;1;0;-0.801604799639582;0;1
2;1;2;A93;0;47;1;2;2;1;2.12977243864179;1;1
1;1;3;A93;0;30;1;3;2;0;-0.090731212275513;1;1
0.666666666666667;0;3;A93;0;28;2;2;1;1;-1.00245381088446;0;1
0.666666666666667;-2;4;A93;0;56;1;2;1;0;-1.75434365373938;0;1
0.666666666666667;-2;4;A93;0;54;1;2;1;0;-0.692947578637428;0;1
0.666666666666667;-2;4;A92;0;33;1;1;2;1;-1.42675257717164;0;1
1.33333333333333;-2;4;A93;1;20;2;2;1;0;0.521213670024507;0;1
0.666666666666667;1;4;A93;0;54;1;2;1;0;-0.778932135680643;1;1
3;0;1;A93;0;58;1;2;1;1;2.43177434778963;1;1
0.666666666666667;-2;3;A92;0;61;1;2;1;0;-0.234144140779297;0;1
1;1;2;A93;0;34;1;2;1;0;0.106895117552038;0;1
2;-2;4;A93;0;36;1;2;1;0;-0.041299576093474;0;1
1.11111111111111;-1;3;A93;0;36;2;3;2;0;1.38199612464354;1;1
1.33333333333333;1;4;A94;0;41;1;1;1;0;-0.639241142913951;0;1
2;1;3;A93;0;24;1;2;1;0;-0.0490378924435118;0;1
0.333333333333333;-1;2;A92;0;24;1;2;1;0;-1.22522874893523;0;1
0.5;-2;3;A93;0;35;1;2;1;0;-0.295092773862819;1;1
0.666666666666667;1;1;A94;0;26;1;2;1;0;0.016882752562702;1;1
1.33333333333333;-2;2;A93;1;39;2;3;2;1;2.05903965413513;1;1
1;2;4;A93;0;39;2;3;2;1;1.26776128883319;1;1
0.666666666666667;1;3;A93;0;32;1;2;1;0;1.18965952242545;0;1
1.33333333333333;1;1;A92;0;30;1;2;1;0;1.49780667199428;1;0
0.777777777777778;1;4;A94;0;35;1;2;1;0;-0.692033869695429;1;1
0.333333333333333;-1;4;A91;0;31;2;2;2;0;-0.656895603479514;0;1
0.833333333333333;1;1;A92;0;23;1;2;1;0;-2.34061680131477;1;1
1;1;3;A93;0;28;1;1;1;0;1.22765757120903;0;1
2;-2;2;A92;0;25;2;2;1;1;1.51996631499982;1;1
0.666666666666667;1;4;A94;0;35;1;2;1;0;-0.466393293268117;0;1
2.66666666666667;-2;4;A93;0;47;1;2;1;0;0.507251877424386;1;1
2.33333333333333;1;3;A92;0;30;1;3;1;1;1.4031730745028;1;1
0.555555555555556;-2;1;A92;1;27;2;2;1;0;-0.159536043302276;0;0
1.83333333333333;-2;2;A92;0;23;2;2;1;1;0.738273989755134;0;1
0.666666666666667;-2;3;A91;0;36;1;3;1;0;-0.0254166110575747;1;1
1.16666666666667;1;2;A92;0;25;2;2;1;1;-0.352737625460686;1;1
1.33333333333333;-2;4;A92;0;41;2;3;1;0;0.607620467824788;1;1
0.666666666666667;1;2;A93;0;24;1;1;1;0;-0.400640724121129;0;1
0.555555555555556;-2;4;A93;0;63;2;2;1;0;-1.4528700142957;1;1
1;1;1;A92;0;27;1;2;1;1;-0.291741554321095;0;1
0.666666666666667;-2;2;A93;0;30;2;2;1;0;-0.166197992361849;0;1
0.666666666666667;1;2;A94;0;40;1;1;1;0;-1.5920468023498;0;1
0.666666666666667;1;2;A93;0;30;1;2;1;1;-1.7113081415258;0;1
0.666666666666667;-2;0;A93;0;34;2;3;1;0;-0.335310121148253;1;1
0.666666666666667;-2;2;A92;1;29;2;2;1;1;0.478497825404244;0;1
2.66666666666667;1;3;A92;0;24;1;2;1;0;1.61962880067971;0;1
2;-1;2;A93;0;29;1;2;1;1;1.35059203238837;1;1
0.833333333333333;1;1;A93;0;27;2;1;1;0;0.148458608068062;0;1
1;1;2;A93;0;47;2;2;1;0;-0.252192706000361;0;1
3.33333333333333;1;3;A92;0;21;1;2;1;0;1.84931693516972;1;1
0.666666666666667;-2;4;A92;0;38;2;2;1;0;-0.857497588846955;1;1
1.5;-1;2;A93;0;27;2;2;1;0;1.63860833204675;0;1
0.666666666666667;1;2;A93;0;66;1;1;1;1;-1.47784568935999;0;1
0.833333333333333;-2;3;A93;2;35;3;2;1;0;0.157935274371772;1;1
0.666666666666667;1;2;A92;0;44;1;1;1;0;-0.320851091207533;1;1
0.333333333333333;1;1;A94;0;27;1;0;1;0;-1.5774324975961;0;0
2;1;1;A92;0;30;1;3;1;0;0.884302187453747;1;1
1.5;1;2;A93;0;27;1;3;1;0;0.447579933054249;0;1
1;1;2;A93;0;22;1;2;1;1;0.0258063026331507;0;1
1.16666666666667;-2;1;A92;0;23;1;2;1;0;-0.0685895830289134;1;1
2.66666666666667;2;3;A93;0;30;1;2;1;0;0.502925311475451;0;1
0.333333333333333;-2;4;A92;0;39;2;2;1;0;-1.32877421967713;1;1
0.666666666666667;-2;3;A92;0;51;2;2;1;0;-1.62743523748619;1;1
2;-2;2;A93;2;28;2;2;1;0;1.03039905984023;0;1
1;-2;4;A93;0;46;2;2;1;0;-0.543799503653452;0;1
0.333333333333333;1;4;A93;0;42;1;2;2;0;-0.75185874073681;1;1
0.555555555555556;1;2;A93;0;38;1;2;1;0;-0.291741554321095;1;0
2;1;2;A93;0;24;1;2;1;0;1.13997855424696;0;1
1.33333333333333;-2;4;A92;0;29;1;2;1;0;1.50396358242721;0;1
1.33333333333333;-1;3;A93;0;36;1;3;1;0;1.36546586224225;1;1
0.666666666666667;1;2;A92;0;20;1;2;1;1;-0.814598580007478;0;1
0.5;-2;4;A93;2;48;2;2;2;0;-0.80858515611151;0;0
0.666666666666667;2;4;A94;0;45;1;1;1;0;-2.52769503988354;0;1
1.33333333333333;1;3;A93;0;38;2;2;1;0;0.483273854896846;1;1
0.333333333333333;-2;2;A93;0;34;2;1;2;0;-0.309263905427822;0;1
1.33333333333333;-2;4;A93;0;36;1;2;2;0;0.224183355019358;1;1
1;-2;1;A92;0;30;2;2;1;0;-1.06557993551016;0;1
0.833333333333333;1;3;A93;0;36;2;2;1;0;-0.834848566396677;1;1
0.555555555555556;1;0;A93;0;70;1;3;1;0;1.42700679438306;1;1
2;1;4;A93;0;36;1;2;1;0;-1.25740973987354;0;1
0.333333333333333;1;2;A93;0;32;1;2;1;0;0.270860106995627;1;1
1;1;0;A92;0;33;1;2;1;1;-0.97599368706486;0;1
0.611111111111111;1;1;A92;0;20;1;2;1;0;-0.54787634402548;0;1
1.33333333333333;1;3;A92;0;25;1;2;1;0;0.641790538943598;1;1
1.33333333333333;-2;4;A91;0;31;2;2;1;1;-0.284399423834026;1;1
0.833333333333333;0;4;A93;0;33;2;2;2;1;-1.2005928219447;0;1
0.666666666666667;1;2;A92;0;26;1;2;1;0;-1.48289947712252;1;1
1.33333333333333;-1;0;A92;0;34;1;3;1;1;-0.201282007008798;1;1
0.444444444444444;1;2;A93;2;33;1;2;1;0;-0.688385502662513;0;0
1.16666666666667;-1;1;A93;0;26;2;2;1;1;0.446825688091951;0;1
1.66666666666667;2;0;A92;0;53;1;3;1;1;1.45782738222122;1;1
0.666666666666667;1;2;A91;0;42;1;2;1;0;0.084600161735655;0;1
0.333333333333333;-2;4;A93;0;52;2;2;1;0;-2.53149968019502;0;1
0.666666666666667;1;3;A93;0;31;2;3;2;0;-0.265897082680811;1;1
1.16666666666667;-2;4;A93;0;65;2;2;1;0;-1.85621331629347;0;1
2;-1;1;A91;0;28;2;2;1;1;1.77456846504993;0;1
2;-1;2;A91;0;30;2;3;1;1;0.78958342139262;1;1
1.16666666666667;2;2;A93;0;40;2;1;2;1;-0.491942555387369;0;1
1.33333333333333;-2;2;A93;0;50;1;2;1;0;0.576959381186567;1;1
1;-2;4;A93;0;36;1;2;2;1;-1.29332595975643;1;1
0.833333333333333;-2;2;A93;0;31;2;2;1;0;-0.73853251890663;0;1
0.5;2;4;A92;0;74;1;3;2;1;0.971023715563654;1;1
0.888888888888889;-2;0;A93;0;68;3;0;1;0;-0.926840809173779;1;1
0.666666666666667;1;3;A94;0;20;1;2;1;1;-1.64263154021537;0;1
1;0;2;A92;0;33;2;2;1;0;0.381044358671528;1;1
1.33333333333333;1;2;A93;0;54;3;3;1;1;0.828310808278811;1;1
2.66666666666667;0;3;A93;0;34;1;1;2;1;0.599604633154401;0;1
1.5;1;2;A93;0;36;1;2;2;1;0.623175081747059;1;1
0.333333333333333;1;3;A94;0;29;1;2;1;0;-0.174115893422592;0;1
2.5;1;2;A93;2;21;1;2;1;1;0.293579044882931;0;1
0.5;-2;4;A92;0;34;2;3;1;1;-0.611487928959417;1;1
0.333333333333333;-2;2;A92;0;28;2;2;1;0;-0.717865993140172;1;1
0.666666666666667;1;1;A92;0;27;4;2;1;1;-1.19923787993809;0;1
1.33333333333333;1;4;A93;0;36;1;2;1;0;0.172954373380931;1;1
1;-1;4;A91;0;40;1;3;1;1;0.743078372340217;1;1
0.5;-2;4;A93;0;52;2;2;1;0;-1.21971322772333;1;1
0.666666666666667;1;2;A94;0;27;1;1;1;0;-0.934536186400758;0;1
1.5;-1;3;A93;0;26;2;2;1;0;0.96800702858127;0;1
0.666666666666667;1;3;A94;0;21;1;2;1;1;-1.26736573129763;0;1
0.666666666666667;-2;4;A93;0;38;2;1;2;0;-0.616646304695574;0;1
1.66666666666667;-2;4;A93;0;38;3;3;2;0;1.90873821265187;1;1
0.666666666666667;-2;4;A93;0;43;3;2;1;0;-0.284399423834026;1;1
0.666666666666667;-2;3;A93;0;26;1;2;1;0;-0.679309547511903;0;1
1.33333333333333;1;2;A94;0;21;1;1;1;0;1.28951308422263;0;1
0.666666666666667;1;3;A93;0;55;1;2;1;0;-0.689296625942335;0;0
0.5;-2;2;A93;0;33;2;2;2;0;0.311721375114283;0;1
2;1;4;A92;0;45;1;1;1;0;0.596585785697878;1;1
1.5;0;0;A93;0;50;2;2;1;1;1.01155886582734;1;1
1.66666666666667;-1;4;A93;0;66;1;3;1;1;-0.302496296913644;1;1
2;-2;4;A93;0;51;1;2;1;0;0.419374420044858;1;1
0.333333333333333;-2;3;A92;0;39;2;1;1;0;-1.22522874893523;0;1
1;0;3;A93;0;31;1;2;1;0;0.32422914448366;1;1
2;1;2;A93;0;23;1;2;1;0;0.622516996252725;1;1
1.33333333333333;1;2;A91;0;24;1;1;1;0;0.289323015934138;0;1
0.555555555555556;1;2;A92;0;64;1;2;1;0;-0.734750217604039;1;1
0.666666666666667;1;1;A94;2;26;1;1;1;0;-1.73983810894065;0;1
0.666666666666667;1;2;A92;0;23;1;2;1;0;-0.899726701829662;1;1
0.666666666666667;1;2;A93;0;30;2;2;1;0;-1.58107055593176;0;1
1.33333333333333;-1;2;A93;0;32;2;2;2;0;0.270860106995627;1;1
0.833333333333333;1;2;A93;0;30;1;2;1;0;0.846693395480392;1;1
2;0;2;A93;0;27;2;2;1;0;0.102466896152924;0;1
2.66666666666667;1;3;A93;1;27;2;2;1;1;1.94907705891549;1;1
0.666666666666667;1;4;A93;0;53;1;3;1;1;1.52160483106;1;1
0.5;1;3;A93;0;22;1;2;1;1;-0.631374912381614;0;1
1.33333333333333;1;1;A93;0;22;1;2;1;0;0.342765941089467;0;1
2;1;2;A93;0;26;1;2;1;1;0.716735622959458;0;1
0.5;1;4;A93;0;51;1;1;1;0;0.0491332793712412;0;1
0.666666666666667;1;3;A93;0;35;1;2;1;0;-0.154110873989901;0;1
1;1;2;A94;2;25;1;1;1;0;-1.31982026388007;0;1
0.222222222222222;-2;3;A93;0;42;3;1;2;0;-0.575112092781305;0;1
1.33333333333333;1;0;A93;0;30;1;3;2;1;-0.361187341343628;0;1
0.333333333333333;1;0;A93;0;23;1;0;1;1;2.31430647174855;1;1
1.16666666666667;1;4;A91;0;61;2;1;1;1;0.176216583206174;0;1
0.666666666666667;-2;2;A92;0;35;2;2;1;0;-0.805588940844547;0;1
1.66666666666667;1;4;A93;2;39;1;2;2;0;0.056815981223271;0;1
1.33333333333333;1;4;A92;0;29;1;2;1;1;-1.24893686588332;0;1
0.333333333333333;1;3;A93;0;51;1;2;2;0;-0.53325972406335;0;1
2.66666666666667;0;4;A93;0;24;2;2;2;1;0.832232130722563;0;1
0.666666666666667;-2;2;A92;0;27;2;2;1;0;-0.915926569937869;0;1
0.666666666666667;2;2;A92;0;35;1;1;2;0;0.459214594837585;0;1
1.33333333333333;1;3;A93;0;25;1;2;1;0;-0.838937054247228;1;1
0.666666666666667;-2;4;A93;0;52;3;2;1;0;-1.56298217144149;0;1
0.333333333333333;0;2;A93;0;35;1;2;1;0;-0.895440932343794;0;0
1.33333333333333;1;2;A93;0;26;1;2;1;0;-0.291072355582092;0;1
1;1;0;A92;1;22;1;2;1;1;-2.21250474080065;0;1
0.333333333333333;-2;3;A92;0;39;2;1;1;0;-1.65800929535074;1;1
0.666666666666667;1;2;A92;0;46;1;1;1;0;-0.0895864361636505;0;1
1.66666666666667;1;2;A92;2;24;1;2;1;1;-0.148708462377154;0;1
1.33333333333333;-1;2;A93;0;35;2;2;1;0;0.698559379381989;0;1
0.5;1;3;A93;0;24;1;2;1;0;-0.222673647550856;1;1
3.33333333333333;-1;2;A93;0;27;1;1;1;0;1.44624741820519;0;1
1.33333333333333;-2;2;A93;0;35;2;1;1;0;0.136993786339549;0;1
0.666666666666667;2;2;A91;0;29;1;2;1;1;-0.149307612429499;0;1
0.833333333333333;1;1;A92;0;23;1;2;1;0;0.588838649648903;1;1
0.611111111111111;-2;0;A92;0;57;3;1;1;0;-0.950066275584548;0;1
0.666666666666667;1;2;A93;0;27;1;2;1;0;-0.484146691184014;0;1
1.33333333333333;1;4;A92;0;55;1;2;1;0;-0.52681631946326;0;1
1;-2;4;A93;0;36;3;3;1;0;1.01374685320267;1;1
0.666666666666667;-2;4;A92;0;57;3;1;1;0;0.167342716808219;0;1
0.555555555555556;-2;4;A93;0;32;2;1;2;0;-0.866879138336577;0;0
0.833333333333333;1;4;A93;0;37;1;2;2;1;-1.41869831700816;0;1
2;-2;4;A93;0;36;2;2;1;0;1.23667805220775;0;1
1.33333333333333;1;1;A92;0;38;1;2;1;0;-0.584320192157166;1;1
0.777777777777778;1;4;A91;0;45;1;3;1;1;1.69206081267469;1;0
1.33333333333333;1;4;A93;0;25;2;2;1;0;-1.13582212603027;0;1
1;1;3;A93;0;32;1;2;1;0;0.126393947641797;0;0
0.666666666666667;-2;3;A92;0;37;1;2;1;0;-0.699361756876272;1;1
2.66666666666667;2;0;A93;1;36;1;3;1;0;2.08372193612585;1;1
2.66666666666667;1;3;A93;0;28;2;2;1;1;0.305842582803593;0;1
1.66666666666667;1;1;A91;0;34;1;1;1;1;2.06549625274779;1;1
0.5;1;2;A93;0;32;1;2;2;0;0.143216564010925;0;1
1;-2;2;A92;0;26;2;2;1;0;-0.004896605972198;0;1
0.666666666666667;1;4;A91;0;49;1;1;1;0;-0.834848566396677;1;1
0.333333333333333;1;1;A92;0;32;1;2;1;1;0.833909049363064;0;1
1.33333333333333;1;2;A93;0;29;1;3;1;0;-0.307229886154646;1;1
0.833333333333333;-2;4;A93;0;23;2;2;1;0;0.429355007690755;1;1
0.666666666666667;1;2;A93;0;50;1;2;1;0;-0.55032865729453;0;1
1;2;3;A93;0;49;1;1;1;0;-0.660455723848608;0;1
0.833333333333333;-2;4;A93;0;63;1;2;1;0;-0.59528805799118;0;1
1.33333333333333;-2;1;A91;0;37;1;2;1;0;0.610945729886208;1;1
2.61111111111111;1;1;A92;0;35;1;1;1;0;1.92068484090633;1;1
2.66666666666667;1;3;A93;0;26;1;2;2;0;0.88242070670326;0;1
2.66666666666667;-1;0;A93;0;31;1;3;1;0;1.47441003966531;1;1
0.666666666666667;1;2;A92;2;49;2;2;1;0;-1.02118683124246;1;1
1.33333333333333;-1;1;A94;0;48;1;2;1;1;-1.10398975069131;0;1
0.666666666666667;1;2;A94;0;26;1;2;1;0;-1.04019636345819;1;0
2;1;1;A94;0;28;1;3;1;1;1.7509420791938;1;1
1.33333333333333;-2;4;A92;0;44;2;3;2;0;1.25996021456166;1;1
2.33333333333333;-2;4;A93;0;56;1;2;1;0;0.884570746175371;0;1
2.66666666666667;-2;4;A91;0;46;2;3;2;0;1.48236878590243;0;1
2.66666666666667;1;1;A92;0;26;1;2;1;1;1.82574199104775;1;1
0.666666666666667;1;1;A92;0;20;1;2;1;0;0.851661622831974;0;1
0.555555555555556;1;4;A93;1;45;1;1;1;0;-0.809585445570066;0;0
1;1;2;A93;0;43;1;2;1;0;0.0532364229472523;1;1
1.16666666666667;-2;3;A93;0;32;2;2;1;0;0.165935973746975;1;1
0.333333333333333;1;0;A92;0;54;1;0;1;0;-1.64645879919788;1;1
2;0;2;A92;0;42;1;2;1;1;0.586133032529354;1;1
1.33333333333333;-2;3;A93;0;37;2;1;2;1;-0.753773793366124;0;1
0.555555555555556;-2;3;A93;1;49;2;2;1;0;-1.08650139942336;1;1
2.66666666666667;-2;2;A93;0;44;1;2;1;1;1.84715681929966;0;1
0.333333333333333;1;2;A91;0;33;1;2;1;0;-0.575946477506993;0;1
1.66666666666667;1;3;A92;0;24;1;1;1;0;0.888592421178615;0;1
0.666666666666667;1;1;A94;0;33;1;1;1;1;-1.545144326312;1;1
0.444444444444444;1;2;A92;0;24;1;2;1;1;-0.860617184817763;0;1
0.5;1;2;A94;0;22;1;1;1;0;-2.79248001099526;0;1
2.66666666666667;1;0;A93;0;40;1;0;1;0;1.03279465832464;1;1
1.33333333333333;1;2;A93;0;25;1;2;1;0;1.06353859693516;0;1
1.33333333333333;1;1;A92;0;26;1;2;1;0;0.567376437265973;0;1
0.666666666666667;1;3;A94;0;25;1;1;1;1;-1.62178253611052;0;1
0.222222222222222;1;1;A93;0;29;1;1;2;0;-0.617508046281218;0;0
2;2;4;A93;0;31;1;2;1;1;0.166405058852998;0;1
0.666666666666667;1;2;A93;2;38;1;1;2;0;-1.5792502421402;0;1
1.33333333333333;1;2;A92;0;48;1;1;1;0;0.759162105671397;1;1
0.666666666666667;-2;2;A93;0;32;2;2;1;0;-1.5920468023498;0;1
0.833333333333333;-1;4;A92;0;27;2;1;1;0;0.530438146024041;0;1
1.66666666666667;-2;0;A94;0;28;2;3;1;1;0.728611120048064;0;1
1.33333333333333;1;1;A91;0;32;1;2;1;1;-0.282404267821702;0;1
1.33333333333333;1;3;A93;0;34;1;3;1;0;0.241111713720975;1;1
1;1;2;A93;0;28;1;2;1;0;0.124941731969002;0;1
1;-2;2;A92;0;36;2;2;1;0;-1.09896879946544;0;1
0.444444444444444;-2;3;A93;0;39;2;1;1;0;0.440775773336089;0;0
0.666666666666667;-2;4;A93;0;49;1;2;1;0;1.12958618101468;1;1
1.33333333333333;1;3;A92;0;34;1;2;2;0;-0.591058586973014;1;1
2;1;4;A93;0;31;1;2;1;0;0.794776466029348;0;1
0.333333333333333;1;4;A93;0;28;1;2;2;0;-1.04980739621254;0;1
1.33333333333333;-2;0;A93;0;75;2;3;1;0;1.2986961695763;1;1
1;-2;2;A92;0;30;2;2;1;1;-0.332543475784009;0;1
3.33333333333333;1;1;A92;0;24;1;3;1;1;1.44451010047283;0;1
2.66666666666667;-2;2;A92;0;24;2;1;1;1;2.02093929146143;0;1
1.33333333333333;0;4;A93;0;23;2;2;2;1;0.685775639175616;0;1
0.333333333333333;-2;2;A91;0;44;1;3;1;1;0.435458683721906;1;1
0.722222222222222;1;1;A92;2;23;1;1;1;0;-0.178399627954302;0;1
0.833333333333333;1;2;A92;0;24;1;2;1;1;-0.821649914198811;0;1
1.33333333333333;1;2;A93;0;28;1;2;1;0;0.704131916794786;0;1
0.555555555555556;1;2;A91;0;31;1;1;1;0;-0.59444105186632;0;1
1.33333333333333;-2;1;A92;0;24;2;2;1;0;1.11664486341708;1;1
1.16666666666667;1;3;A92;0;26;1;1;1;0;0.51478856838975;0;1
1;1;1;A94;0;25;1;2;1;0;0.368678127790966;0;1
1;1;4;A93;1;33;1;3;1;0;0.784949736793972;1;1
0.555555555555556;1;1;A93;2;37;1;1;2;0;0.63431139012942;0;1
0.833333333333333;-2;2;A92;0;43;1;1;1;0;-0.648038122020078;0;1
0.722222222222222;-2;1;A93;2;23;2;2;1;0;-1.296242998727;0;1
1.33333333333333;1;0;A92;0;23;1;0;1;0;0.570464452448107;0;1
0.333333333333333;-1;2;A93;0;34;2;1;1;0;-0.418981576385775;0;1
0.5;-2;4;A93;0;32;2;2;2;1;-0.97031272294697;0;1
0.5;1;1;A92;0;23;1;2;1;0;-0.861658731637077;1;1
0.5;1;2;A92;0;29;1;2;1;1;-1.18844935808551;0;0
1;-2;0;A93;0;38;1;3;1;0;0.375075524186142;1;1
0.666666666666667;0;2;A93;0;28;2;2;1;1;1.21504646188237;1;1
0.555555555555556;1;4;A93;0;46;1;2;1;0;-1.545144326312;1;1
1.33333333333333;1;1;A93;0;23;1;1;1;1;-0.85128097543754;0;1
0.666666666666667;-2;4;A93;1;49;1;2;1;0;-0.0446103055816136;1;1
2;-1;2;A93;0;26;2;3;1;1;0.791894026766145;1;1
0.666666666666667;1;2;A94;0;28;1;2;1;0;-1.4611415389341;0;1
1.66666666666667;1;3;A92;0;23;1;2;1;1;-0.00382560958786799;0;1
1;1;2;A93;0;61;1;2;1;0;-0.858536614780206;0;1
0.666666666666667;1;4;A93;0;37;1;3;1;0;0.441154726769596;0;1
0.666666666666667;-1;2;A92;0;36;2;2;1;0;-0.0918770068711412;1;1
0.333333333333333;1;2;A94;0;21;1;2;1;0;-0.402098418543404;0;1
1;1;0;A93;0;25;1;0;1;1;0.0315475903608283;0;1
0.666666666666667;1;3;A93;0;36;1;2;1;0;-0.576781403162497;1;1
1;-2;3;A93;0;27;2;2;1;0;0.601613273975396;0;1
1;1;1;A92;0;22;1;2;1;0;0.532910411371694;0;1
2;1;4;A93;0;42;1;2;2;1;0.458840919152458;0;1
1;1;3;A92;0;40;1;2;1;0;0.28076852957842;0;1
2;1;2;A93;0;36;1;2;1;0;0.313814457315318;0;1
1;-2;4;A93;0;33;2;2;1;0;1.18796327799005;1;1
0.555555555555556;-2;1;A92;0;23;2;2;1;0;-0.15110673683905;0;1
3.33333333333333;-2;4;A93;0;63;1;3;1;0;2.24159379640801;1;1
3.33333333333333;2;4;A92;0;60;2;3;1;1;2.33423714802453;1;1
2.66666666666667;2;3;A92;2;37;1;2;1;1;1.4917877795559;0;1
1;-1;0;A94;0;34;2;2;1;0;-0.0507021697270364;0;1
0.388888888888889;-1;4;A93;0;36;1;2;1;0;-1.34991210268698;0;1
2;1;4;A93;0;57;1;3;1;1;2.29316333590483;1;1
0.333333333333333;-2;2;A92;0;52;2;1;1;0;-2.44315397126545;0;1
1.11111111111111;1;3;A93;0;39;1;2;1;0;-0.112095209162542;1;1
1;1;0;A92;0;38;1;3;1;1;2.16641598906026;1;1
1.22222222222222;1;3;A92;0;25;1;2;1;0;-0.813594390787599;0;1
0.666666666666667;1;1;A93;0;26;1;2;1;0;-0.767259494076857;0;1
1.66666666666667;-1;2;A93;0;26;2;1;1;0;0.735563627522332;0;1
1;-2;2;A92;0;25;2;2;1;0;-0.0970457350362433;0;1
1;1;1;A92;0;21;1;2;1;0;-0.981699821664051;1;1
1;-2;0;A93;0;40;2;3;1;0;1.43858562825645;1;1
0.833333333333333;-2;2;A93;0;27;1;2;1;0;-0.0473757630761379;0;1
0.5;1;3;A92;0;27;2;2;1;0;-0.656895603479514;0;1
1;1;2;A94;0;30;1;3;1;0;-0.363308461076021;1;1
0.666666666666667;1;1;A92;0;19;1;1;1;0;-1.15661567260243;0;1
2;1;3;A93;0;39;1;3;2;0;0.383027838528767;1;1
0.333333333333333;-2;3;A92;0;31;1;2;1;0;-0.269839553993328;0;1
0.5;-2;0;A93;0;31;1;3;1;0;-0.00382560958786799;0;1
2.16666666666667;-1;3;A93;0;32;1;2;1;0;2.03969238473734;1;1
0.666666666666667;1;0;A92;0;55;1;3;1;0;0.0850998215338825;0;1
2;-2;2;A94;0;46;2;2;1;0;-0.0352519219921326;1;1
0.666666666666667;1;4;A91;0;46;2;2;1;1;-0.875276055214371;0;1
1.33333333333333;-2;2;A92;0;43;2;1;1;0;-0.598681664078731;0;1
1;1;1;A94;0;39;1;2;1;0;-0.635739107478198;1;1
1;-2;2;A94;0;28;2;2;1;0;-0.316749581594918;0;1
1.33333333333333;-1;1;A93;0;27;2;2;1;1;1.64383116189718;1;1
0.777777777777778;-1;2;A93;0;27;2;1;1;0;-1.41869831700816;0;1
1;-1;4;A93;0;43;1;2;2;0;0.236234240213289;0;1
1.33333333333333;1;1;A94;0;22;1;2;1;1;-0.216976485729458;1;1
1.33333333333333;-2;3;A93;0;43;2;2;2;0;-0.120858271068368;1;1
0.833333333333333;1;1;A94;0;27;1;2;1;0;-1.06802371687254;0;0
1.33333333333333;1;4;A91;0;26;1;3;1;0;0.37746637861343;1;1
0.666666666666667;-2;3;A94;0;28;3;2;1;1;-1.21559203303953;1;1
1.33333333333333;1;4;A92;0;20;1;2;1;0;-0.263275457433485;1;1
1.83333333333333;-2;3;A93;0;35;2;3;1;0;1.41727760327271;1;1
0.666666666666667;-2;0;A93;0;42;2;3;1;1;-0.0663400225424657;1;1
0.555555555555556;1;2;A93;0;40;1;1;2;0;-0.531645848154791;0;0
1.33333333333333;1;2;A92;0;35;1;2;1;1;-0.718798220963148;0;1
2;-2;4;A93;0;35;2;2;2;0;1.13865652840656;1;1
0.666666666666667;1;1;A93;0;33;1;1;2;1;0.085599287552929;0;1
1;-1;2;A92;0;23;2;2;1;0;1.61719856344663;1;1
1.16666666666667;1;3;A92;0;31;1;3;1;0;0.183179331194252;0;1
1;1;2;A92;0;33;1;2;1;1;-1.08154803802832;0;1
0.833333333333333;1;3;A92;0;20;1;2;1;0;0.357809934931593;0;1
0.666666666666667;1;2;A93;0;30;1;2;1;0;-0.223943113379322;0;1
0.666666666666667;-2;3;A93;0;47;2;1;2;0;-1.18979299124839;0;1
1.16666666666667;-1;3;A93;0;34;2;3;1;0;-0.536493555781247;0;1
0.666666666666667;1;4;A92;0;25;1;2;1;1;0.173887276824102;1;1
1;1;2;A94;0;21;1;2;1;0;0.181789789807605;1;1
1.55555555555556;-2;4;A93;0;29;2;2;1;0;0.164997290655788;0;1
1;-2;2;A93;0;46;2;2;1;0;-0.95565843589071;0;1
0.5;1;4;A93;0;20;1;2;1;0;-0.783827134482845;0;1
1;-2;0;A92;0;55;3;0;2;1;-0.910503940752241;0;1
0.277777777777778;1;3;A93;0;74;1;1;1;0;0.459588162132407;0;1
1.33333333333333;1;2;A93;1;29;2;3;1;1;1.9914919087999;1;1
0.333333333333333;-2;0;A93;0;36;3;3;1;0;-0.327027951619469;1;1
1.33333333333333;-2;2;A91;0;33;2;2;1;0;-0.205031275998993;1;1
0.5;1;2;A93;0;25;1;2;1;0;-0.157122035079215;0;1
0.666666666666667;1;2;A94;0;25;1;2;1;1;-0.626157324919037;1;1
0.333333333333333;1;3;A94;0;23;1;1;1;0;-1.6696643221433;0;1
1.33333333333333;-2;4;A92;0;37;2;2;1;0;-0.809585445570066;1;1
2.33333333333333;-2;0;A93;1;65;2;0;1;0;0.439258843556235;0;1
0.666666666666667;2;1;A92;0;26;1;0;1;1;-1.77323697322259;0;1
0.666666666666667;1;4;A93;0;39;1;3;1;0;-0.318798703634836;1;1
0.666666666666667;1;2;A92;1;30;1;2;1;0;-0.51323019418632;0;1
1.11111111111111;-1;2;A93;0;29;2;2;1;0;0.110328793880594;1;1
0.666666666666667;1;4;A93;0;41;1;1;2;1;-1.5593947824374;0;1
2.66666666666667;-2;2;A92;0;30;1;3;1;1;0.96271076329162;1;1
0.5;-2;4;A92;0;41;2;1;1;0;-0.853349847495302;0;1
2;1;1;A92;0;34;1;2;1;1;-0.347834105590514;1;1
0.388888888888889;1;2;A93;2;35;1;2;1;0;0.0841003080078277;0;1
0.666666666666667;1;4;A92;0;55;1;3;1;0;-0.679309547511903;1;1
0.833333333333333;-1;2;A94;0;61;2;2;1;1;-0.602084236104958;0;1
2;-2;2;A93;0;30;1;3;1;0;1.95995808981631;1;1
0.333333333333333;1;2;A92;0;29;1;2;1;0;-1.98166996371182;0;1
0.666666666666667;0;4;A93;0;34;2;2;1;0;0.172487668122433;0;1
1.33333333333333;1;4;A93;0;35;1;3;1;0;0.130258536079157;1;1
1.33333333333333;1;3;A93;1;31;1;2;1;1;0.890197581352224;1;1
1.33333333333333;1;1;A92;0;29;1;3;1;0;0.134592381330602;1;1
0.611111111111111;-2;2;A93;0;36;2;2;2;0;0.619881286386298;0;1
0.666666666666667;1;4;A93;0;35;1;2;1;1;0.436219613276078;1;1
0.333333333333333;1;1;A92;0;27;1;2;1;0;-2.5125878891007;0;1
1;1;1;A93;0;32;1;2;1;0;0.829152097366762;1;1
2;1;2;A93;2;37;1;2;2;0;0.52228141079938;0;1
0.833333333333333;1;1;A93;0;36;1;2;1;0;-0.435340458656104;0;1
0.666666666666667;1;1;A92;0;34;1;3;1;0;0.287616658365078;0;1
0.666666666666667;1;4;A93;0;38;2;2;1;0;-1.49818093161481;0;1
1;1;3;A93;0;34;2;2;1;0;-0.2744544095477;1;1
1.33333333333333;1;2;A93;2;63;1;2;2;0;0.247292810401545;1;1
1.33333333333333;-1;1;A92;0;29;1;1;1;1;-0.482593165257794;1;1
2.66666666666667;-1;4;A93;0;32;2;2;2;0;1.41461138169587;0;1
1.83333333333333;-1;2;A92;0;26;2;2;1;0;0.174819504984473;1;1
1.33333333333333;-1;3;A93;0;35;2;1;1;0;0.852763075401204;1;1
1.33333333333333;1;1;A94;0;22;1;2;1;1;0.319240604233294;1;1
0.333333333333333;1;1;A92;0;23;1;2;1;1;-2.16864565486142;0;1
0.5;1;2;A93;0;28;1;1;1;1;-1.68142578884754;0;1
0.333333333333333;1;0;A93;0;36;1;3;2;0;-0.859576479651855;1;1
1;-2;2;A94;0;33;1;2;1;1;-0.852314996030555;0;1
1;0;1;A92;0;26;1;2;1;1;0.328371551397529;0;1
2.16666666666667;1;2;A93;0;24;1;2;1;0;0.0805958892120276;0;1
1.33333333333333;1;3;A93;0;25;1;2;1;0;0.976786022102415;0;1
0.666666666666667;1;3;A93;0;39;1;1;1;0;-1.08774272228776;0;1
0.833333333333333;-2;4;A93;0;44;2;2;2;0;-0.631374912381614;1;1
0.666666666666667;-2;2;A92;0;23;1;1;1;0;0.50545090768153;0;1
1.33333333333333;1;1;A93;0;26;1;2;1;0;-0.898653921642138;0;1
1.66666666666667;1;4;A92;0;57;2;2;1;0;0.522992746502505;1;1
0.833333333333333;-1;3;A92;0;30;2;2;1;0;-1.18710712526865;0;1
0.666666666666667;-2;2;A93;0;44;1;2;1;0;-0.940061173460488;1;1
0.333333333333333;-1;0;A93;0;47;1;3;1;1;-0.890103699068988;1;1
0.666666666666667;1;2;A93;0;52;1;2;1;0;0.312977632597751;1;1
1.33333333333333;1;4;A92;1;62;1;2;1;0;0.570121705068656;1;1
0.555555555555556;1;2;A93;0;35;1;1;1;0;-0.684747441757607;0;0
0.333333333333333;1;2;A93;2;26;1;2;1;0;0.485472216592014;0;1
0.666666666666667;-2;4;A93;0;26;2;2;1;0;-0.285065163289375;0;1
1.5;0;4;A92;0;42;2;3;1;1;1.5937248491784;1;1
0.333333333333333;-2;2;A92;0;27;2;2;1;0;-0.860617184817763;0;1
0.333333333333333;1;4;A93;0;38;1;2;1;0;-2.42198302737482;0;1
0.666666666666667;-2;2;A93;0;39;2;1;2;0;-0.165590934605439;0;0
1.33333333333333;1;2;A94;0;20;1;2;1;1;0.278621000009726;0;1
2;1;1;A93;1;29;1;3;1;1;1.70006893467358;1;1
1.33333333333333;-2;3;A93;0;40;2;2;1;0;-0.541359579715333;0;1
1;1;4;A94;2;32;1;1;1;0;-0.795651602808507;0;1
0.333333333333333;-2;4;A91;0;28;2;2;2;0;-0.774055671550208;1;1
1.33333333333333;1;1;A92;0;27;1;2;1;1;0.33208835975063;0;1
2;1;4;A93;0;42;1;2;2;0;1.0593252669634;0;1
0.5;1;4;A91;0;49;1;2;1;0;-0.981699821664051;0;1
1.33333333333333;-2;1;A93;0;38;2;2;2;1;-0.882668537915756;0;1
1.33333333333333;1;1;A92;0;24;1;2;1;1;-0.892235938872792;0;1
0.555555555555556;1;2;A93;2;27;1;1;1;1;-0.787756573476497;0;1
0.833333333333333;-2;2;A93;0;36;1;2;1;0;-0.0286867094757458;1;1
0.833333333333333;2;0;A93;0;34;1;3;2;1;1.34365435574981;1;1
1.33333333333333;1;2;A94;0;28;1;2;1;0;-0.689296625942335;0;1
2.16666666666667;1;4;A93;0;45;1;3;1;0;1.63486472885356;1;1
0.666666666666667;1;3;A93;0;26;1;2;1;1;-1.48966885891603;0;1
2;1;2;A93;0;32;1;3;1;0;0.854688353574763;1;1
0.833333333333333;1;3;A93;0;26;1;2;1;0;0.138432482970866;1;1
0.666666666666667;-1;2;A94;1;20;2;2;1;0;-1.82501767448871;0;1
1.33333333333333;1;1;A93;0;54;1;2;1;0;-0.0872999321599237;0;1
0.333333333333333;-2;3;A92;0;37;2;2;1;0;-1.77323697322259;0;0
0.333333333333333;-2;1;A93;0;40;1;1;2;0;-0.737585901688843;0;0
2;-2;1;A92;0;23;2;2;1;1;1.39470789454399;1;1
0.333333333333333;1;4;A93;0;43;1;2;1;0;-0.89651103838237;1;1
0.333333333333333;-2;4;A93;0;36;2;2;1;0;-1.59388530626649;0;1
1.33333333333333;-2;4;A93;0;44;2;2;1;0;1.06260349188071;0;1
1;1;2;A92;0;24;1;2;1;1;0.359425836284688;0;1
2.66666666666667;0;2;A93;0;53;2;2;2;1;1.39326145504602;0;1
1.33333333333333;1;3;A92;0;23;1;2;1;0;0.474442689466919;0;1
1;1;2;A92;2;26;1;1;2;0;-0.996655185808407;0;1
1.44444444444444;1;1;A93;0;30;2;2;1;0;1.53803802964283;0;1
0.833333333333333;-2;2;A92;0;31;1;2;1;0;-0.585160565937758;0;1
0.222222222222222;-2;3;A93;0;42;2;1;2;0;-0.609773051534272;0;1
2;1;2;A91;0;31;1;2;1;1;-0.06073325246475;0;1
0.333333333333333;1;1;A93;0;41;1;1;2;0;-1.6657675819085;1;1
2;1;3;A93;0;32;2;2;2;0;-0.0770606049006122;0;1
0.833333333333333;1;2;A92;0;28;2;2;1;1;0.111308165124559;1;1
0.666666666666667;-1;2;A94;0;41;1;2;1;0;-0.609773051534272;0;1
1.33333333333333;1;3;A94;0;26;1;2;1;0;-0.785790355338359;1;1
1.33333333333333;1;1;A93;0;25;2;2;1;0;0.324643985266309;0;1
1.16666666666667;-2;1;A91;0;33;1;2;1;1;-0.0512574070963589;0;1
0.333333333333333;1;0;A92;0;75;1;3;1;0;-0.7253427786035;1;1
1;-2;4;A92;0;37;1;2;1;0;0.519432132519326;1;1
2.66666666666667;1;4;A93;0;42;1;3;1;1;1.50479334435752;0;1
1;1;1;A92;0;45;1;1;1;0;0.301204632101231;0;1
0.666666666666667;1;1;A94;0;23;1;2;1;1;-0.583480366386545;0;1
1.33333333333333;-1;4;A93;0;60;2;2;1;0;-0.221405431811418;1;1
1.66666666666667;1;4;A93;0;31;1;2;1;1;1.24604148476886;0;1
1;1;2;A93;0;34;1;1;2;1;0.220590958926085;0;1
0.666666666666667;-2;4;A93;0;61;2;1;1;0;-0.842011960415789;0;1
1.33333333333333;-1;0;A93;0;43;2;2;2;1;-0.764357789553345;0;1
1.33333333333333;-2;2;A92;0;37;1;2;1;0;-0.227759036104213;1;1
1.33333333333333;1;3;A93;0;32;1;2;2;0;-0.568456404678787;0;1
0.666666666666667;2;2;A92;0;24;1;1;1;1;-1.7377791611728;0;1
2.66666666666667;-2;3;A93;0;35;2;2;1;0;1.6747310135946;1;1
0.666666666666667;-2;3;A92;0;23;2;2;1;0;-1.13969542916737;0;1
0.333333333333333;2;4;A93;0;45;1;1;2;0;-0.413819754341333;0;1
2.66666666666667;1;3;A94;2;34;2;2;1;1;1.37136762679169;1;1
0.666666666666667;-2;1;A93;0;27;1;2;1;0;-0.245072002950942;0;1
0.5;1;3;A92;0;67;2;3;1;0;-0.900800376372681;1;1
0.666666666666667;1;1;A93;0;22;1;2;1;1;-0.766291532629206;0;1
1;0;1;A92;0;28;2;2;1;1;-0.074230735496881;0;1
1.16666666666667;0;2;A92;0;29;2;2;1;1;0.938990472536905;1;1
1.33333333333333;2;3;A93;0;27;1;2;1;1;0.497859211792428;0;1
1;-2;1;A93;0;31;2;1;1;1;-0.289066843194056;0;1
1.33333333333333;1;4;A93;0;49;1;2;2;0;0.264791356446025;1;1
1.33333333333333;2;3;A93;2;24;1;1;1;1;-0.573444943318905;0;1
0.333333333333333;-1;1;A92;0;29;1;2;1;0;-1.62554824560803;0;1
2;1;2;A93;0;37;1;2;1;1;2.10679708488638;1;1
1.33333333333333;-1;2;A93;0;37;2;3;1;0;0.861814293615603;1;1
1.33333333333333;-1;3;A92;0;23;2;2;1;0;-0.567626856963222;1;1
0.666666666666667;1;3;A91;0;36;1;2;1;1;-0.727218777005774;0;1
1.33333333333333;-2;4;A93;0;34;1;2;1;0;0.0850998215338825;0;1
2.66666666666667;1;3;A93;0;41;2;2;2;0;0.644058207250868;1;1
2.66666666666667;1;2;A92;0;31;1;2;1;1;1.3262401640571;1;1
1.33333333333333;1;1;A92;0;23;1;1;1;1;0.377068210975301;1;1
1.66666666666667;-2;3;A93;1;38;1;2;1;0;1.16311331968432;0;1
1.33333333333333;1;0;A92;0;26;1;3;1;0;1.04518044188034;1;1
0.833333333333333;1;2;A92;0;22;1;1;1;0;-1.41229098035123;0;1
0.5;1;4;A93;0;27;2;1;1;0;-1.03303486722963;0;1
0.833333333333333;-2;3;A92;1;24;2;2;1;0;0.185953924334218;0;1
0.666666666666667;1;3;A92;0;27;1;2;1;0;0.249932797332345;0;1
1.33333333333333;-2;2;A92;0;33;2;2;1;0;-0.289735000379095;1;1
2;-2;1;A91;0;27;2;2;1;1;0.200651637682027;0;1
1.33333333333333;1;1;A94;0;27;2;1;1;0;-1.21833803032813;0;1
1;-2;4;A93;2;30;2;2;1;1;-1.06435978156453;0;1
0.666666666666667;-2;1;A93;0;49;2;1;2;0;0.332500677090831;0;1
0.5;1;2;A92;0;26;1;2;1;0;-0.712286752572394;0;1
2;1;1;A93;0;33;1;1;1;1;-0.0156558421119037;0;1
0.666666666666667;1;4;A92;0;52;1;3;1;0;-0.15893211690926;1;1
1;1;2;A92;0;20;1;2;1;1;-0.216976485729458;0;1
0.5;-2;2;A93;0;36;2;2;2;0;0.191025205158152;0;1
0.666666666666667;1;2;A93;2;21;1;1;1;0;-0.807585642973315;0;1
1;1;2;A94;0;47;1;1;1;1;-0.88160986744532;1;1
0.666666666666667;-2;4;A93;0;60;2;2;1;1;-0.0924502866670103;0;1
0.666666666666667;-2;3;A92;0;58;4;1;1;0;-2.36382229937095;1;1
1.33333333333333;-1;2;A92;0;42;2;2;1;0;-0.264585602977156;1;1
1.16666666666667;1;4;A92;0;36;1;1;1;0;-0.551966130871384;0;1
1.33333333333333;1;2;A92;0;20;1;1;1;1;0.153205657816861;1;1
1.33333333333333;2;4;A93;0;40;1;3;1;1;-0.740427843260147;1;1
0.333333333333333;2;1;A92;0;32;1;1;1;1;-1.22661132795245;0;1
1.33333333333333;1;3;A92;0;23;2;2;1;1;-0.663132287447087;0;1
1.33333333333333;0;2;A93;0;36;3;1;1;1;0.726184031819623;1;1
1;-2;3;A93;0;31;2;2;1;1;0.179934732735456;0;1
1.33333333333333;-1;2;A93;0;32;1;2;1;0;0.605954611583903;0;1
0.388888888888889;1;1;A92;2;45;1;2;1;0;-0.0457157760878581;0;1
0.5;1;2;A92;0;30;1;2;1;1;-1.24472124114305;0;1
1.33333333333333;2;3;A92;0;34;1;1;1;1;-0.351334713653136;0;1
2;1;2;A92;0;28;1;3;1;1;0.422069119159594;1;1
0.555555555555556;1;1;A92;0;23;1;2;1;0;-0.821649914198811;0;1
1.33333333333333;2;2;A93;0;22;1;2;1;0;0.204300006006859;1;1
1.33333333333333;-2;2;A93;0;74;1;3;1;0;0.809946612837947;1;1
2;1;2;A92;1;50;1;2;1;1;0.130740795261417;0;1
1;1;1;A93;0;33;1;2;1;0;-0.209419263162399;0;1
0.833333333333333;1;4;A93;0;45;1;2;2;0;-0.796641893224962;0;1
0.666666666666667;1;0;A92;0;22;1;2;1;1;-1.52057926817924;0;1
0.555555555555556;1;4;A92;0;48;1;1;2;1;-0.857497588846955;0;1
1.16666666666667;1;1;A92;0;29;1;2;1;0;0.425141887045756;0;1
1.33333333333333;2;2;A92;2;22;1;2;1;0;0.526543543508793;0;0
1;-1;3;A92;0;22;1;2;1;1;-0.371828048286973;0;1
2.66666666666667;0;2;A93;0;48;1;3;1;0;2.0874207506957;1;1
3.33333333333333;-1;2;A93;0;27;1;3;1;0;1.71748533302396;0;1
0.333333333333333;-2;2;A93;0;37;3;2;2;0;0.542051783305537;0;1
1.66666666666667;1;2;A92;1;21;1;2;1;1;0.456970912668202;0;1
0.666666666666667;1;2;A91;0;49;1;1;1;0;-1.70929426840307;0;1
1.16666666666667;-2;3;A93;0;27;2;2;1;0;0.533615902082675;0;1
1;-2;2;A93;0;32;2;2;1;1;-0.586842960392866;0;1
2.66666666666667;1;2;A91;0;38;1;2;1;1;0.622846081033957;0;1
0.666666666666667;1;1;A92;0;22;1;2;1;0;-0.336695675795781;0;1
1;1;2;A93;0;65;2;2;1;1;0.0960435755093023;0;1
0.833333333333333;1;4;A93;0;35;1;2;1;0;-0.25544245025178;0;1
0.333333333333333;1;2;A93;0;41;1;2;1;0;-0.169237580757751;1;1
0.5;2;3;A93;0;29;1;2;1;1;-0.667605625458847;0;1
2.33333333333333;-2;2;A93;0;36;2;2;1;0;0.664289521535649;1;1
0.5;1;4;A93;0;64;1;1;1;0;0.595577928640455;0;1
1.33333333333333;1;2;A92;0;28;1;2;1;0;0.536434006623264;0;1
1;2;2;A93;0;44;1;2;1;1;-0.567626856963222;0;1
0.833333333333333;1;1;A93;0;23;1;2;1;0;-0.661347293785126;0;1
0.5;1;1;A92;1;19;2;2;1;1;-0.254791845053386;0;1
1.33333333333333;1;1;A92;0;25;1;1;1;1;-0.743276069995747;1;1
0.666666666666667;1;4;A93;0;47;3;2;2;0;-0.707655777833368;1;1
1.33333333333333;1;3;A92;0;28;1;2;1;0;-0.723469508925154;0;1
3.33333333333333;-1;3;A93;0;21;2;2;1;0;2.40797095664236;1;1
0.666666666666667;1;1;A92;0;34;1;2;2;0;-0.618370364861219;0;1
2.33333333333333;-1;3;A93;0;26;2;2;2;1;0.764773762994818;1;1
1;1;0;A92;0;27;1;0;1;1;-1.5050313302178;0;1
0.833333333333333;1;4;A93;0;38;2;1;1;0;-0.788740809389284;0;1
0.833333333333333;1;2;A93;0;40;1;3;1;1;0.837256350362385;1;1
1.33333333333333;-2;3;A94;2;33;2;2;1;0;-0.341556889673649;1;1
1;-2;3;A94;0;32;2;3;1;0;-0.321535947872743;1;1
2;-1;1;A93;0;27;2;2;1;1;1.54029944102616;1;1
1.66666666666667;0;2;A91;2;32;2;2;1;0;0.826064680248958;0;1
0.666666666666667;1;2;A92;0;26;1;2;1;1;-0.714143815165118;0;1
1.33333333333333;1;3;A93;0;38;1;2;2;1;-1.2046662220373;0;1
0.666666666666667;1;2;A93;0;40;1;1;2;1;-1.62366401450499;0;1
2.66666666666667;1;3;A93;0;50;1;3;1;0;1.45627790526519;1;1
0.666666666666667;1;2;A93;0;37;1;1;1;1;-0.293080995880954;0;1
1.33333333333333;1;4;A93;1;45;1;2;1;1;-0.0601739156246445;0;1
2;-1;4;A93;0;42;4;3;1;1;1.55729390971061;1;1
1.33333333333333;-2;3;A93;0;35;2;2;1;0;-0.0363493852581208;1;1
0.777777777777778;1;0;A93;0;22;1;2;1;0;0.642114736123218;0;1
0.666666666666667;1;4;A93;0;41;1;1;2;1;-1.28751162861721;0;1
2.66666666666667;1;3;A93;0;37;1;2;1;0;1.85918186919199;1;1
1.66666666666667;0;2;A92;0;28;2;2;1;0;0.720096224175358;0;1
1;-2;4;A93;0;41;1;2;1;0;1.24827051648237;1;1
0.666666666666667;1;2;A94;0;23;1;2;1;0;-0.799617341498696;0;1
0.666666666666667;1;2;A94;0;23;1;2;1;1;-1.27022449425627;0;1
1.16666666666667;1;4;A93;0;50;2;2;1;0;-0.0953205197235133;0;1
0.333333333333333;-1;0;A93;0;35;2;3;1;0;-1.07169810563786;1;1
0.333333333333333;-2;2;A92;0;50;1;1;1;0;-1.07538300768005;0;1
1.33333333333333;-2;0;A93;1;27;2;3;1;0;1.23871937996007;1;1
1.66666666666667;2;2;A93;0;34;1;2;2;0;0.477393144926043;1;1
2.66666666666667;2;2;A92;0;27;1;2;1;0;0.518362025887974;0;1
0.666666666666667;-2;4;A93;1;43;2;2;1;1;0.897130249649115;1;1
1.66666666666667;-2;4;A93;0;47;1;2;1;0;0.287616658365078;0;1
1.33333333333333;-2;2;A93;0;27;2;1;1;0;0.694830913657775;1;1
2;1;3;A93;0;31;2;2;1;0;1.11642059290904;1;1
3.33333333333333;1;4;A93;0;42;1;3;1;0;1.87719787916005;1;1
0.333333333333333;-2;2;A94;0;24;1;2;1;0;-0.191336992402488;0;1
1.16666666666667;-1;1;A93;0;41;1;1;2;1;0.0860985599430397;0;1
1.66666666666667;-2;3;A92;0;26;1;3;1;0;0.811084310199043;1;1
1.33333333333333;-2;4;A93;0;33;1;2;1;0;0.976285974197314;1;1
4;1;2;A94;0;24;1;2;1;1;1.08302057550516;0;1
1.33333333333333;1;4;A93;0;64;1;1;1;0;-0.0156558421119037;0;1
1;1;1;A92;0;26;1;2;1;0;-0.65334529736936;0;1
0.333333333333333;1;1;A92;0;56;1;2;1;0;-0.580126529139657;0;1
0.666666666666667;1;2;A93;0;37;1;2;1;0;-0.0736655070268877;1;1
0.833333333333333;-1;2;A94;0;33;2;2;1;0;-0.631374912381614;0;1
1.33333333333333;-2;1;A94;0;47;3;2;1;0;0.964478606205979;1;1
2;-1;3;A93;0;31;2;1;2;0;1.81235427713345;1;1
3.33333333333333;1;2;A93;0;34;1;2;2;0;1.28144848206481;1;1
0.555555555555556;-2;3;A93;0;27;2;2;1;0;-0.750902281237241;1;1
2;-1;4;A93;0;30;1;2;1;0;0.219691291992117;0;1
0.5;1;4;A93;1;35;1;2;1;0;0.16968387932387;1;1
0.666666666666667;1;2;A93;0;31;1;2;2;0;0.533263205035216;0;1
0.833333333333333;-2;2;A91;0;25;2;2;1;0;-1.16713971317018;0;1
0.833333333333333;1;2;A92;0;25;1;1;1;0;0.111308165124559;0;1
1.33333333333333;1;1;A93;0;29;1;2;1;0;0.234900807995161;0;1
0.333333333333333;-2;1;A93;0;44;2;1;2;0;0.862907100927869;0;1
1.33333333333333;1;3;A93;0;28;1;2;1;0;-0.0708430797544687;1;1
0.333333333333333;1;2;A93;0;50;1;2;1;0;-0.861658731637077;0;1
0.666666666666667;1;3;A93;2;29;2;2;1;0;-1.00827866228144;0;0
0.666666666666667;-2;0;A92;0;38;1;0;1;0;-1.23354657479466;0;1
1;-2;2;A93;0;24;2;2;1;0;-0.37753924567103;0;1
0.833333333333333;1;4;A93;0;40;1;3;1;0;-0.304522847981559;1;1
0.666666666666667;1;2;A92;0;29;1;1;1;1;-0.985135677329713;0;1
2.66666666666667;-2;4;A93;0;46;2;2;1;1;1.24218222869966;1;1
1.33333333333333;1;4;A92;0;47;1;2;1;0;-0.722533894879049;1;1
1.66666666666667;-1;4;A93;0;41;2;2;1;0;0.047076794943353;0;1
1.5;1;1;A92;0;32;1;2;2;0;0.059876275186165;1;1
0.833333333333333;1;4;A92;0;35;1;2;1;0;1.01907966981222;0;1
2.66666666666667;1;3;A93;0;24;1;2;1;1;1.28794346377577;0;1
0.666666666666667;0;1;A92;0;25;2;2;1;1;0.266962051683151;0;1
0.5;1;4;A92;0;25;1;2;1;0;-0.893303384061121;0;1
0.5;1;2;A93;0;37;1;1;2;0;-0.168020884394147;0;1
1;-2;4;A93;0;32;2;3;1;0;-1.73162199457152;1;1
0.333333333333333;2;4;A92;0;35;1;2;1;1;-0.901874946763654;0;1
1.16666666666667;1;4;A93;0;46;1;3;1;0;0.0331089642756279;1;1
0.5;-2;2;A93;0;25;2;1;1;0;-0.968047335413441;0;1
3.33333333333333;1;3;A93;0;27;1;3;1;1;2.26671885803366;1;1
1.66666666666667;-2;4;A93;0;63;2;2;1;0;1.47678587749975;0;1
1.66666666666667;-2;4;A93;0;40;2;2;2;0;0.312977632597751;1;1
1;1;2;A93;0;32;1;3;1;0;-0.60806045453039;1;1
1.33333333333333;-2;2;A93;0;31;2;2;1;0;0.342356897667132;1;1
1.11111111111111;0;4;A94;0;31;2;2;1;0;1.20440712970585;1;1
0.5;0;1;A93;0;34;2;3;1;1;-0.760498992213329;1;1
0.333333333333333;2;1;A92;0;24;1;2;2;1;-2.21250474080065;0;1
0.666666666666667;1;2;A92;0;24;1;1;1;1;-0.870021569906134;0;1
0.5;1;2;A92;0;66;1;1;1;0;-1.43811384043291;0;1
1.5;1;2;A92;0;21;1;2;1;1;0.0810971046735857;0;1
0.333333333333333;-2;2;A92;0;41;2;1;1;0;-2.91990167386836;0;1
0.833333333333333;-2;2;A94;0;47;2;1;1;0;-0.780887903156807;0;1
1;1;2;A92;0;25;2;2;1;1;-0.320166598537186;0;1
2.66666666666667;2;4;A92;0;59;1;2;1;1;1.25935817010376;0;1
1.33333333333333;-2;2;A91;0;36;2;2;1;0;-0.821649914198811;1;1
1.33333333333333;-1;1;A93;0;33;1;2;1;0;1.2567460536981;0;1
1.33333333333333;1;2;A93;0;21;1;1;2;1;-0.250246788282187;0;1
0.444444444444444;1;3;A92;2;44;1;1;1;0;-1.48797317477673;0;1
1.33333333333333;1;2;A92;0;28;1;2;1;0;0.0975287263005064;1;1
0.222222222222222;-2;3;A92;0;37;1;2;2;0;0.433935474516983;0;1
2;2;1;A92;0;29;1;0;1;0;0.647613638343821;0;1
1.33333333333333;1;2;A92;0;23;2;3;1;1;2.01760138850738;0;1
1;1;2;A93;0;35;1;1;2;0;0.76771747472001;1;1
0.333333333333333;-2;3;A93;0;45;2;3;2;0;1.32681174780325;1;1
1.66666666666667;0;2;A92;0;26;2;1;1;1;0.737973119922539;0;1
1.33333333333333;2;3;A93;0;32;1;2;1;0;-0.0479295678834804;0;1
0.555555555555556;2;2;A93;0;23;1;1;1;0;-1.07415353514375;0;1
1.16666666666667;1;4;A93;0;41;1;2;1;0;0.347256865043204;1;1
1.33333333333333;2;2;A93;0;22;1;2;1;0;0.0367448253951503;1;1
2.16666666666667;-2;3;A93;0;30;2;3;1;0;2.28059949834799;1;1
0.722222222222222;-2;1;A93;0;28;2;1;1;0;-0.379687491202255;0;1
0.833333333333333;1;0;A92;0;23;1;2;1;0;0.0511864852268202;0;1
0.666666666666667;1;1;A92;0;37;1;1;1;1;-0.822660406681364;0;1
1.16666666666667;1;2;A93;0;26;1;2;1;0;1.00056282111057;0;1
0.833333333333333;1;3;A93;0;33;1;2;1;0;0.292728963539595;0;1
0.333333333333333;1;4;A92;0;49;1;2;1;0;-2.22746275589118;1;1
1;1;1;A92;0;23;1;1;1;1;-1.16581949542954;0;1
0.666666666666667;1;3;A92;0;23;1;1;1;0;-1.35754622158246;0;1
1.66666666666667;-2;3;A92;0;25;2;2;1;0;1.12290863378306;0;1
0.666666666666667;-1;4;A93;0;55;2;2;2;1;-0.56596936280305;0;1
1.33333333333333;1;3;A92;0;32;1;2;1;1;-0.811588358278552;0;1
0.333333333333333;-2;2;A93;0;74;3;0;2;0;-0.797632945695863;0;0
0.833333333333333;-2;2;A93;0;39;2;2;1;1;-0.82569664997692;1;1
1.33333333333333;1;2;A93;2;31;1;2;1;0;-0.707655777833368;1;1
0.666666666666667;-2;4;A93;0;35;2;2;1;1;-1.61055102531999;0;1
0.833333333333333;-2;4;A92;0;59;1;2;1;0;0.949756992445888;1;1
1;-2;2;A92;0;24;2;2;1;1;-0.164377676855036;0;1
0.666666666666667;1;2;A93;0;24;1;1;1;0;-0.110931293103678;0;1
1.16666666666667;-2;4;A93;0;30;1;3;1;1;2.13669760152363;1;1
1.33333333333333;-2;3;A94;0;27;2;2;1;0;0.02632929678874;1;1
0.666666666666667;1;4;A94;2;40;2;1;1;0;-0.948950751480234;0;1
1.66666666666667;1;1;A91;0;31;1;1;1;1;0.325887706462785;0;1
0.555555555555556;1;1;A92;0;31;1;2;1;0;0.237122428641141;0;1
0.666666666666667;-2;4;A93;0;28;3;2;1;0;0.521213670024507;1;1
0.666666666666667;-2;4;A93;0;63;2;1;1;0;-0.485702093348598;1;1
1.33333333333333;1;4;A92;0;26;1;2;1;0;0.196992904664212;0;1
2;-2;2;A92;0;25;2;3;1;1;1.55394484677036;1;1
1.16666666666667;-2;4;A93;0;36;1;3;1;0;0.39329297677505;1;1
1.33333333333333;-2;4;A93;0;52;2;2;1;0;-0.105706648887872;0;1
0.666666666666667;-2;0;A93;0;66;3;0;1;0;-0.629633366825273;0;1
1.33333333333333;1;2;A92;0;25;1;2;1;1;-0.728157801964917;0;1
2;-2;3;A93;0;37;2;2;1;0;0.491680606672456;1;1
1;1;3;A92;2;25;1;2;1;0;0.482173265244416;0;1
2;-2;4;A93;0;38;2;3;1;0;1.10944876499606;1;1
1;1;0;A92;0;67;1;2;1;0;0.608951603117093;1;1
2.16666666666667;-2;3;A93;2;25;2;2;1;1;0.920843808620535;0;1
1.33333333333333;-2;4;A93;0;60;1;2;1;0;-0.281075878896047;1;1
0.666666666666667;0;2;A93;0;31;1;1;1;0;-0.692033869695429;1;1
0.666666666666667;1;1;A92;0;23;1;1;1;1;-1.36522586316667;0;1
1.11111111111111;1;0;A91;0;60;1;3;1;0;1.26975397593067;1;1
1;1;2;A93;0;35;1;1;1;0;-0.280412197897203;1;1
1.22222222222222;1;4;A93;0;40;1;2;1;0;0.132668028141268;0;1
2.66666666666667;-2;4;A93;0;38;2;2;2;0;0.168747924961849;1;1
2.66666666666667;-1;4;A93;0;50;1;2;1;1;1.22022989239279;0;1
2.22222222222222;-2;2;A93;0;27;1;2;1;1;1.17259569677672;1;1
1.16666666666667;1;4;A92;0;39;1;2;2;1;-0.912670253340868;0;1
1.33333333333333;1;4;A93;0;41;1;3;2;0;1.23851539272444;1;1
0.333333333333333;-2;2;A94;0;27;2;2;1;0;-0.87738386674794;0;1
1.33333333333333;1;4;A91;0;51;1;2;1;0;0.233120748045682;0;1
1.33333333333333;1;4;A93;0;32;1;2;1;0;0.306684055027388;1;1
0.5;1;1;A92;0;22;1;2;1;0;-0.0612928323361891;0;1
1;1;4;A93;0;51;1;2;2;1;1.4622932055122;1;1
0.666666666666667;-2;1;A92;0;22;2;1;1;0;-0.838937054247228;0;1
1.33333333333333;-1;4;A94;0;54;2;2;1;0;-1.56298217144149;1;1
0.5;1;1;A93;0;35;1;0;1;0;-0.570948258631575;0;1
1.33333333333333;-2;4;A93;0;54;2;2;2;0;-0.531645848154791;0;1
1;-2;4;A92;2;48;2;1;1;0;-0.381121648250634;1;1
1.11111111111111;-2;4;A92;0;24;2;2;1;0;0.735563627522332;0;1
0.666666666666667;-2;4;A93;0;35;2;2;1;0;-1.16581949542954;0;1
0.666666666666667;1;0;A92;0;24;1;0;1;0;1.45558864999526;0;1
2;1;3;A93;0;24;1;2;1;1;1.7334197207948;1;1
0.333333333333333;1;1;A94;0;26;1;1;1;0;-1.81405700048997;0;0
0.666666666666667;-2;4;A93;0;65;4;2;1;0;-1.22799539281363;0;1
2.33333333333333;2;0;A93;0;55;1;3;1;0;1.73508561320078;1;1
0.833333333333333;0;1;A92;0;26;2;0;1;1;-0.393376898395515;0;1
0.444444444444444;1;1;A94;0;26;1;2;1;0;-1.26024646391707;1;1
0.333333333333333;1;3;A94;2;28;1;1;1;0;-2.06910396081166;0;1
2;-2;3;A93;0;24;2;2;1;1;1.7822148380472;1;1
2.66666666666667;1;2;A93;0;54;1;2;1;1;0.302049139142103;0;1
2.66666666666667;1;3;A93;0;46;1;2;2;1;0.628427694830455;0;1
2;-1;2;A92;0;54;1;2;1;0;1.44867573248149;0;1
0.333333333333333;1;2;A91;0;62;1;2;1;0;-0.759536096728818;0;1
0.333333333333333;-2;3;A92;0;24;2;2;1;0;-0.56679784323365;1;1
2;1;0;A91;1;43;1;3;1;0;2.42464692434973;0;1
1;1;2;A94;0;26;1;2;1;1;-0.752815911093961;0;1
0.666666666666667;1;2;A94;0;27;2;2;1;0;-1.01061599948337;1;1
0.666666666666667;1;2;A94;0;24;1;2;1;0;0.287189715484825;0;1
2;1;4;A93;0;41;1;2;2;1;0.150359528174366;0;1
0.444444444444444;-2;4;A93;0;47;2;1;1;0;-1.5380777963918;0;1
1;-2;1;A91;0;35;2;3;1;0;0.577981908650044;1;1
1.16666666666667;-2;4;A94;0;30;2;2;1;0;-0.527619984269226;1;1
1;-2;4;A92;0;33;3;2;1;1;0.639843640176834;1;1
1;0;2;A93;0;36;2;2;2;1;0.702895657228418;0;1
2;1;4;A93;0;47;1;2;1;1;1.5963542680704;0;1
2.66666666666667;-1;2;A93;0;38;1;2;2;0;1.31148202153926;1;1
1.33333333333333;-1;2;A93;0;44;2;2;2;0;-0.0205269795222362;1;1
1;1;1;A92;0;23;1;2;1;1;-0.882668537915756;1;1
2.5;0;4;A93;0;29;2;2;1;1;2.04581056015903;0;1
1.33333333333333;1;4;A92;0;42;1;2;1;0;0.959674518206529;1;1
0.833333333333333;1;1;A92;0;25;1;1;1;1;-0.046822196310741;0;1
0.666666666666667;0;2;A93;0;48;2;2;1;1;-1.03303486722963;0;1
0.666666666666667;1;2;A92;0;21;1;2;1;0;-1.29041551296249;0;1
0.222222222222222;1;1;A92;0;23;1;1;2;0;-1.79026692695043;0;1
1.33333333333333;-2;4;A93;0;63;2;2;1;0;0.261746223377632;1;1
1.33333333333333;-2;4;A94;1;46;2;2;1;0;0.101480775798179;0;1
2;1;3;A93;0;29;1;2;1;1;0.983517734424736;0;1
1.16666666666667;-1;2;A93;0;28;2;1;1;0;0.277330761280984;0;1
1;1;1;A92;0;23;1;2;1;1;-0.279085861064973;0;1
1.33333333333333;2;3;A93;0;50;1;2;1;0;-0.562660760376299;1;1
1;1;4;A93;0;47;3;2;2;0;0.449840021209742;1;1
1.16666666666667;1;3;A93;0;35;1;2;1;0;0.643086838287425;1;1
1;1;2;A93;0;68;2;2;1;1;1.32681174780325;0;1
1.33333333333333;1;1;A94;0;28;1;2;1;0;-0.848183885573659;0;1
0.5;1;3;A93;0;59;1;2;1;0;-0.734750217604039;0;1
0.666666666666667;1;4;A93;0;57;1;1;1;1;-1.5774324975961;0;1
1.11111111111111;-2;2;A94;2;33;2;2;1;1;-0.0987732645207481;0;0
1.33333333333333;-2;3;A93;0;43;2;2;1;0;0.664289521535649;1;1
0.833333333333333;-2;2;A93;0;35;2;2;1;0;-0.637488934837769;1;1
1;2;3;A93;0;32;2;1;2;1;-0.663132287447087;0;1
2;-1;4;A93;0;45;2;2;2;0;1.93893255504282;1;1
1.33333333333333;1;1;A94;0;33;1;2;1;0;-0.634865084547188;1;1
0.555555555555556;1;3;A92;0;40;1;2;1;0;-1.27883905599244;1;1
0.833333333333333;-2;2;A93;0;28;1;2;1;0;0.419759722434608;1;1
0.833333333333333;1;2;A92;0;29;1;2;1;1;0.637568532198682;1;1
0.5;1;2;A93;2;26;1;2;2;0;0.506891884898367;0;0
1.33333333333333;-2;2;A93;0;27;2;2;1;0;1.13025203543269;0;1
1;-1;2;A94;0;28;1;2;1;1;-0.137377253682366;1;1
1.33333333333333;1;1;A92;0;35;1;2;1;1;0.0137184436340954;1;1
1.5;-2;1;A93;0;32;2;1;2;0;0.809946612837947;1;1
0.555555555555556;1;2;A93;0;25;1;1;1;1;-0.113260178062377;0;1
0.833333333333333;1;2;A92;0;20;1;2;1;0;-0.106865850616749;0;1
1;1;1;A92;0;27;1;2;1;0;-0.0129575945843916;0;1
0.666666666666667;-2;4;A93;0;42;1;2;1;0;0.415128468199016;0;1
2;1;4;A93;0;37;2;2;1;0;1.44468393774644;0;1
0.666666666666667;1;4;A92;0;24;1;2;1;0;-1.68537026862688;0;1
2;-1;3;A92;0;40;2;2;1;0;1.49061416571169;1;1
0.333333333333333;-2;4;A93;0;46;2;2;2;0;-0.75473238861309;0;0
1.33333333333333;-2;3;A93;0;26;2;2;1;0;-0.717865993140172;1;1
0.833333333333333;1;1;A92;0;24;1;2;1;0;-1.30797767806001;0;1
0.666666666666667;1;2;A93;1;29;1;1;2;0;0.511563957080332;0;1
0.611111111111111;-2;2;A92;0;40;2;2;1;0;-0.775029488337339;0;1
1;2;1;A93;1;36;1;3;1;0;-0.281075878896047;1;1
2;1;4;A93;0;28;1;2;1;0;0.513356404488597;0;1
0.5;1;1;A93;0;27;1;3;1;1;-0.681119628917942;1;1
1.66666666666667;-2;3;A93;0;36;2;2;1;0;1.32318742562593;0;1
1.33333333333333;1;3;A93;0;38;1;3;1;0;1.51322651897954;1;1
1.33333333333333;1;2;A91;0;48;1;2;1;0;1.73425293635626;1;1
1.66666666666667;-2;4;A93;0;36;2;2;1;0;-0.130271729333561;0;1
1;-2;0;A92;0;65;2;0;1;0;-1.01412997831312;0;1
1.33333333333333;1;3;A91;0;43;1;2;1;1;0.669060017033712;1;1
0.666666666666667;1;1;A92;0;53;1;2;1;1;-1.42998843815915;0;1
1.33333333333333;-2;3;A93;0;34;2;2;2;0;0.20293307876961;1;1
2.66666666666667;1;2;A93;0;23;1;2;1;1;2.40953326151666;1;1
2;-2;4;A93;0;34;2;3;1;0;1.29850146499981;1;1
1.55555555555556;2;1;A93;2;40;2;2;2;0;1.51487362682488;1;1
1.5;-2;4;A93;0;43;4;3;2;0;0.0153015699375969;1;1
0.833333333333333;-2;4;A93;0;46;2;2;1;0;-0.356955553610124;1;1
0.666666666666667;-2;2;A93;0;38;2;1;1;0;-0.136190273856457;0;0
2;-2;2;A93;0;34;2;2;1;0;1.12936415301802;1;1
1;-2;2;A93;0;29;2;2;1;0;-0.933434027573306;1;1
2;-1;3;A93;0;31;1;3;2;0;1.68760623891009;1;1
1.16666666666667;1;1;A92;0;28;1;3;1;0;0.0990121664172428;1;1
0.666666666666667;-2;3;A92;0;35;1;2;1;0;-0.535684336273494;0;0
0.833333333333333;1;3;A92;0;33;1;1;1;0;-0.127322625632217;0;1
1;1;2;A93;1;42;1;2;1;1;0.699179742256823;0;1
0.888888888888889;-2;4;A93;2;43;1;2;1;1;0.108367814250578;1;1
1.11111111111111;-2;1;A91;0;44;2;2;1;0;0.47333452369307;1;1
2;-2;4;A93;0;42;2;2;1;0;1.89091522396149;0;1
0.833333333333333;1;2;A94;0;40;1;2;1;0;-0.714143815165118;1;1
1.33333333333333;1;4;A93;0;36;1;3;1;0;-0.81862318518047;1;1
0.666666666666667;1;2;A93;0;20;1;3;2;0;-1.00361667547866;1;1
1.16666666666667;1;3;A93;1;24;1;1;1;0;0.572176822426426;0;0
2;1;2;A94;0;27;1;2;1;0;0.554255899069244;0;1
0.833333333333333;-1;1;A92;0;46;2;1;1;0;0.512998114527975;0;1
0.5;1;2;A92;0;33;1;1;1;0;0.361442866000085;0;1
2;-1;2;A92;0;34;2;2;1;0;0.789294304021484;0;1
1.33333333333333;-2;1;A92;0;25;1;1;1;1;0.868357271317121;0;1
1.66666666666667;1;4;A92;0;25;1;2;1;0;0.276469883452807;0;1
0.611111111111111;1;4;A91;0;28;1;2;1;0;-0.153509485694105;1;1
1.33333333333333;2;2;A93;0;31;1;2;1;1;0.347664355382293;1;1
2.66666666666667;0;2;A92;0;32;1;3;1;1;2.61788348727174;1;0
0.555555555555556;1;2;A93;1;32;1;2;2;0;0.213375964355506;0;1
0.333333333333333;1;4;A93;0;68;1;3;1;1;2.34413123146301;1;1
1.33333333333333;1;0;A91;0;33;1;2;1;1;-0.0292325340516681;0;1
1.33333333333333;1;4;A93;0;39;1;3;1;1;0.420529981565407;1;1
1;-2;2;A92;0;28;2;2;1;0;-0.365433080043267;0;1
2.66666666666667;-1;3;A93;0;37;1;3;1;0;2.1436867470214;1;1
0.5;1;1;A92;0;22;1;2;1;1;-0.732863224343467;0;1
0.666666666666667;1;3;A93;0;30;1;2;2;0;-0.240561059743608;1;1
1.33333333333333;2;1;A91;0;55;1;2;1;1;1.34778396362657;1;1
0.666666666666667;2;1;A93;0;46;2;2;1;1;-1.59941661800325;1;1
1;-2;1;A92;0;21;1;2;1;0;-1.07292523520788;0;1
2.66666666666667;1;3;A93;0;39;3;2;2;1;1.86859664980992;1;1
1.66666666666667;1;4;A93;0;58;1;2;1;0;-0.330472385137067;1;1
0.666666666666667;-1;2;A93;0;43;2;1;2;0;-0.753773793366124;0;1
1.33333333333333;1;1;A93;1;24;1;1;1;0;-0.416029430966123;0;0
0.5;1;1;A92;0;22;1;2;1;1;-0.474082109207471;1;1
0.5;-2;2;A93;0;30;2;2;1;0;-0.874223441701895;0;1
0.666666666666667;-2;4;A93;0;42;2;2;2;0;-1.97176321380997;1;1
0.666666666666667;1;2;A92;0;23;1;2;1;0;-0.614064534196117;0;1
1.66666666666667;-1;1;A93;0;30;2;3;1;1;-0.295092773862819;0;1
0.5;1;2;A92;0;28;1;1;1;1;-1.51364589003321;0;1
0.333333333333333;1;1;A94;0;30;1;3;1;0;-0.201906127684601;1;1
3.33333333333333;1;2;A93;0;42;1;2;1;1;1.23340518282531;0;1
1.33333333333333;-2;2;A93;0;46;2;3;2;0;1.34214939101494;1;1
0.666666666666667;1;1;A93;0;45;1;3;2;0;0.488762739100422;1;1
0.555555555555556;1;2;A93;0;31;1;1;2;0;-0.573444943318905;0;0
1.33333333333333;1;3;A93;0;31;1;2;1;0;-1.22938094671583;1;1
0.222222222222222;-2;3;A93;0;42;3;1;2;0;-0.651573807780984;0;1
0.833333333333333;1;1;A92;2;46;1;2;1;0;-0.345738298919971;0;1
2.66666666666667;0;1;A92;0;30;2;2;1;0;1.59990319376432;0;1
1.33333333333333;2;1;A93;0;30;1;2;2;1;0.422069119159594;1;1
0.666666666666667;1;0;A93;0;38;1;3;1;0;0.21834061209568;1;1
1;1;1;A94;1;43;1;1;2;1;-0.584320192157166;0;1
1.33333333333333;1;4;A93;0;31;2;2;1;1;0.522637127762757;0;1
1;-2;0;A94;0;40;3;0;2;0;0.511563957080332;1;1
2;-1;3;A93;0;24;2;2;1;1;-0.151707003926667;1;1
1.33333333333333;1;1;A92;0;28;1;2;1;1;0.686715349761051;0;1
2;1;0;A92;0;26;2;3;1;1;1.95060360164704;1;1
0.666666666666667;1;2;A92;2;29;1;2;1;0;-0.312661092662755;1;1
1.33333333333333;-2;4;A92;0;57;2;3;1;0;-0.866879138336577;1;1
1.66666666666667;-2;4;A93;0;49;2;1;1;0;0.535025725169252;0;1
0.5;-2;4;A93;0;37;3;1;1;0;-0.950066275584548;0;1
1.55555555555556;1;2;A93;0;45;1;1;1;1;0.652767715423127;0;1
1.33333333333333;1;4;A93;0;30;1;2;1;0;0.309624885648977;0;1
0.333333333333333;-2;4;A94;0;30;2;2;1;0;-0.421200134856746;0;1
1.16666666666667;-1;2;A91;0;47;2;2;1;0;-0.0325123483883096;0;1
0.833333333333333;1;2;A93;0;29;1;2;1;0;0.499308703505439;0;1
1.33333333333333;1;4;A93;0;35;2;2;1;1;-0.00865212270904183;1;1
0.333333333333333;1;1;A94;0;22;1;1;1;0;-2.15151186656897;0;1
1.66666666666667;1;2;A92;0;26;1;2;1;0;-0.439838272996591;0;1
1.5;-2;2;A93;0;23;2;1;1;1;0.0557942651025848;0;1
0.833333333333333;1;4;A92;0;54;1;3;1;0;0.503647415925197;1;1
2.33333333333333;1;3;A94;0;29;1;2;1;0;1.40173611654751;1;1
0.611111111111111;-2;2;A93;0;40;2;1;2;0;0.631045989579607;0;1
0.833333333333333;1;2;A93;2;22;1;2;1;0;-0.600381826389477;0;1
1.33333333333333;1;2;A93;0;43;1;1;2;0;1.44189972168696;0;1
1.33333333333333;2;0;A92;1;29;2;0;1;1;-0.907261288936237;0;1
3.33333333333333;1;4;A93;1;36;1;2;1;1;1.42506682718189;0;1
1.66666666666667;-2;2;A92;0;33;1;2;1;0;0.205665483948816;1;1
1.33333333333333;1;2;A92;0;57;1;1;1;0;-0.838937054247228;0;1
0.333333333333333;1;2;A92;2;64;1;2;1;0;-1.49989011820177;0;1
1;-1;4;A93;0;42;2;2;1;0;0.00736640568151376;0;1
1.33333333333333;-1;4;A93;0;47;2;1;2;1;0.0649606604120342;0;1
0.833333333333333;2;2;A94;0;25;1;2;1;1;-0.832809179440445;0;1
1.66666666666667;-2;3;A93;0;49;1;2;1;1;1.60421046687493;0;1
2.66666666666667;1;0;A93;0;33;1;3;1;1;0.897396146903604;1;1
1.16666666666667;1;2;A92;0;28;1;3;1;0;0.246852285966632;1;1
2;1;2;A93;0;26;1;2;2;1;1.57987075561837;0;1
1.33333333333333;-2;3;A93;0;30;2;1;1;0;-0.223943113379322;0;1
0.833333333333333;-2;2;A92;0;25;2;2;1;0;-0.671195516887002;0;1
2.33333333333333;0;1;A91;0;33;2;2;1;0;1.23360998101428;0;1
0.722222222222222;1;0;A92;0;64;1;2;1;0;-0.692947578637428;0;1
1.33333333333333;1;0;A93;0;29;1;3;1;0;1.29166819350968;1;1
1.33333333333333;-2;4;A93;0;48;2;1;1;0;-0.418981576385775;0;1
0.666666666666667;-2;1;A93;0;37;2;1;2;0;0.502564107363636;0;1
0.833333333333333;2;4;A93;0;34;1;1;2;0;-0.554426251568631;0;1
1;1;3;A94;0;23;2;1;1;0;-0.283734028341033;0;1
2;1;0;A93;0;30;1;3;1;0;0.637568532198682;1;1
0.666666666666667;1;4;A93;0;50;1;2;1;0;-0.0124186227939507;1;1
0.666666666666667;1;3;A92;0;31;1;1;1;0;-0.424164170393921;0;1
1.66666666666667;1;2;A91;0;40;1;3;1;0;0.603952735616392;1;1
0.666666666666667;1;4;A93;0;38;1;2;1;0;-1.41549066401845;0;1
2.5;1;2;A93;0;23;1;2;1;1;-0.345738298919971;1;1
2.5;-2;0;A93;0;27;1;2;1;0;0.824096099600251;0;1
